{"𝓵𝓷":"􋐥","𝓵𝓰":"􋐦","𝗶𝗺":"􍶰","𝘁𝗿":"􋐧","𝗦𝗟":"􋐨","𝗚𝗟":"􋐩","𝗿𝗸":"􋐪","𝘀𝘁":"􋐫","𝗪⁵":"􋐬","𝗘𝗻𝗱":"􋐭","𝗔𝘂𝘁":"􋐮","𝗚𝗮𝗹":"􋐯","𝗸𝗲𝗿":"􋐰","𝓵𝓸𝓰":"􋐱","𝘀𝗶𝗻":"􋐲","𝗰𝗼𝘀":"􋐳","𝘀𝗶𝗻𝗵":"􀰓","𝗰𝗼𝘀𝗵":"􀰔","𝘁𝗮𝗻":"􋐴","𝘀𝗲𝗰":"􋐵","𝗰𝘀𝗰":"􋐶","𝗰𝗼𝘁":"􋐷","𝗰𝗶𝘀":"􀰒","𝗹𝗼𝗴":"􋑯","𝗟𝗼𝗴":"􀰧","𝗔𝘀𝘀":"􋐸","𝗔𝗿𝗴":"􋑭","𝗮𝗿𝗴":"􋐹","𝗲𝘅𝗽":"􋐼","𝗱𝗶𝘃":"􋐽","𝗱𝗲𝘁":"􋐾","𝗱𝗲𝗴":"􋐿","𝗲𝗿𝗳":"􋑀","𝗶𝗻𝘁":"􋑁","𝗴𝗰𝗱":"􋑂","𝗹𝗰𝗺":"􋑃","𝗵𝗼𝗺":"􋑄","𝗼𝗯𝗷":"􋑅","𝗹𝗶𝗺":"􋑆","𝗶𝗻𝗳":"􋑇","𝘀𝘂𝗽":"􋑈","𝗺𝗼𝗱":"􋑉","𝗣𝗚𝗟":"􋑊","𝗣𝗦𝗟":"􋑋","𝘁𝗼𝗿":"􋑍","𝘄𝗿𝘁":"􋑎","𝗪𝗧𝗦":"􋑏","𝗪𝗧*":"􋑐","𝘃𝗮𝗿":"􋑑","𝘀𝘁𝗱":"􋑒","𝗰𝗼𝘃":"􋑓","𝗦𝗣𝗘𝗖":"􋑔","𝗦𝗜𝗡𝗛":"􋑕","𝗖𝗢𝗦𝗛":"􋑖","𝗧𝗔𝗡𝗛":"􋑗","𝗦𝗘𝗖𝗛":"􋑘","𝗖𝗦𝗖𝗛":"􋑙","𝗖𝗢𝗧𝗛":"􋑚","𝗖𝗛𝗔𝗥":"􋑛","𝗖𝗨𝗥𝗟":"􋑜","𝗙𝗥𝗢𝗕":"􋑝","𝗚𝗥𝗔𝗗":"􋑞","𝗥𝗔𝗡𝗞":"􋑟","𝗦𝗣𝗔𝗡":"􋑠","𝗪𝗟𝗢𝗚":"􋑡","𝗘𝗥𝗙𝗖":"􋑢","𝗠𝗘𝗠𝗘":"􋑣","𝗡𝗨𝗟𝗟":"􋑤","𝗩𝗢𝗜𝗗":"􋑥","𝗖𝗢𝗥𝗥":"􋑦"}