{"\ud835\udcf5\ud835\udcf7": "\udbed\udc25", "\ud835\udcf5\ud835\udcf0": "\udbed\udc26", "\ud835\uddf6\ud835\uddfa": "\udbf7\uddb0", "\ud835\ude01\ud835\uddff": "\udbed\udc27", "\ud835\udde6\ud835\udddf": "\udbed\udc28", "\ud835\uddda\ud835\udddf": "\udbed\udc29", "\ud835\uddff\ud835\uddf8": "\udbed\udc2a", "\ud835\ude00\ud835\ude01": "\udbed\udc2b", "\ud835\uddea\u2075": "\udbed\udc2c", "\ud835\uddd8\ud835\uddfb\ud835\uddf1": "\udbed\udc2d", "\ud835\uddd4\ud835\ude02\ud835\ude01": "\udbed\udc2e", "\ud835\uddda\ud835\uddee\ud835\uddf9": "\udbed\udc2f", "\ud835\uddf8\ud835\uddf2\ud835\uddff": "\udbed\udc30", "\ud835\udcf5\ud835\udcf8\ud835\udcf0": "\udbed\udc31", "\ud835\ude00\ud835\uddf6\ud835\uddfb": "\udbed\udc32", "\ud835\uddf0\ud835\uddfc\ud835\ude00": "\udbed\udc33", "\ud835\ude00\ud835\uddf6\ud835\uddfb\ud835\uddf5": "\udbc3\udc13", "\ud835\uddf0\ud835\uddfc\ud835\ude00\ud835\uddf5": "\udbc3\udc14", "\ud835\ude01\ud835\uddee\ud835\uddfb": "\udbed\udc34", "\ud835\ude00\ud835\uddf2\ud835\uddf0": "\udbed\udc35", "\ud835\uddf0\ud835\ude00\ud835\uddf0": "\udbed\udc36", "\ud835\uddf0\ud835\uddfc\ud835\ude01": "\udbed\udc37", "\ud835\uddf0\ud835\uddf6\ud835\ude00": "\udbc3\udc12", "\ud835\uddf9\ud835\uddfc\ud835\uddf4": "\udbed\udc6f", "\ud835\udddf\ud835\uddfc\ud835\uddf4": "\udbc3\udc27", "\ud835\uddd4\ud835\ude00\ud835\ude00": "\udbed\udc38", "\ud835\uddd4\ud835\uddff\ud835\uddf4": "\udbed\udc6d", "\ud835\uddee\ud835\uddff\ud835\uddf4": "\udbed\udc39", "\ud835\uddf2\ud835\ude05\ud835\uddfd": "\udbed\udc3c", "\ud835\uddf1\ud835\uddf6\ud835\ude03": "\udbed\udc3d", "\ud835\uddf1\ud835\uddf2\ud835\ude01": "\udbed\udc3e", "\ud835\uddf1\ud835\uddf2\ud835\uddf4": "\udbed\udc3f", "\ud835\uddf2\ud835\uddff\ud835\uddf3": "\udbed\udc40", "\ud835\uddf6\ud835\uddfb\ud835\ude01": "\udbed\udc41", "\ud835\uddf4\ud835\uddf0\ud835\uddf1": "\udbed\udc42", "\ud835\uddf9\ud835\uddf0\ud835\uddfa": "\udbed\udc43", "\ud835\uddf5\ud835\uddfc\ud835\uddfa": "\udbed\udc44", "\ud835\uddfc\ud835\uddef\ud835\uddf7": "\udbed\udc45", "\ud835\uddf9\ud835\uddf6\ud835\uddfa": "\udbed\udc46", "\ud835\uddf6\ud835\uddfb\ud835\uddf3": "\udbed\udc47", "\ud835\ude00\ud835\ude02\ud835\uddfd": "\udbed\udc48", "\ud835\uddfa\ud835\uddfc\ud835\uddf1": "\udbed\udc49", "\ud835\udde3\ud835\uddda\ud835\udddf": "\udbed\udc4a", "\ud835\udde3\ud835\udde6\ud835\udddf": "\udbed\udc4b", "\ud835\ude01\ud835\uddfc\ud835\uddff": "\udbed\udc4d", "\ud835\ude04\ud835\uddff\ud835\ude01": "\udbed\udc4e", "\ud835\uddea\ud835\udde7\ud835\udde6": "\udbed\udc4f", "\ud835\uddea\ud835\udde7*": "\udbed\udc50", "\ud835\ude03\ud835\uddee\ud835\uddff": "\udbed\udc51", "\ud835\ude00\ud835\ude01\ud835\uddf1": "\udbed\udc52", "\ud835\uddf0\ud835\uddfc\ud835\ude03": "\udbed\udc53", "\ud835\udde6\ud835\udde3\ud835\uddd8\ud835\uddd6": "\udbed\udc54", "\ud835\udde6\ud835\udddc\ud835\udde1\ud835\udddb": "\udbed\udc55", "\ud835\uddd6\ud835\udde2\ud835\udde6\ud835\udddb": "\udbed\udc56", "\ud835\udde7\ud835\uddd4\ud835\udde1\ud835\udddb": "\udbed\udc57", "\ud835\udde6\ud835\uddd8\ud835\uddd6\ud835\udddb": "\udbed\udc58", "\ud835\uddd6\ud835\udde6\ud835\uddd6\ud835\udddb": "\udbed\udc59", "\ud835\uddd6\ud835\udde2\ud835\udde7\ud835\udddb": "\udbed\udc5a", "\ud835\uddd6\ud835\udddb\ud835\uddd4\ud835\udde5": "\udbed\udc5b", "\ud835\uddd6\ud835\udde8\ud835\udde5\ud835\udddf": "\udbed\udc5c", "\ud835\uddd9\ud835\udde5\ud835\udde2\ud835\uddd5": "\udbed\udc5d", "\ud835\uddda\ud835\udde5\ud835\uddd4\ud835\uddd7": "\udbed\udc5e", "\ud835\udde5\ud835\uddd4\ud835\udde1\ud835\uddde": "\udbed\udc5f", "\ud835\udde6\ud835\udde3\ud835\uddd4\ud835\udde1": "\udbed\udc60", "\ud835\uddea\ud835\udddf\ud835\udde2\ud835\uddda": "\udbed\udc61", "\ud835\uddd8\ud835\udde5\ud835\uddd9\ud835\uddd6": "\udbed\udc62", "\ud835\udde0\ud835\uddd8\ud835\udde0\ud835\uddd8": "\udbed\udc63", "\ud835\udde1\ud835\udde8\ud835\udddf\ud835\udddf": "\udbed\udc64", "\ud835\udde9\ud835\udde2\ud835\udddc\ud835\uddd7": "\udbed\udc65", "\ud835\uddd6\ud835\udde2\ud835\udde5\ud835\udde5": "\udbed\udc66"}